text,label
"Title: A Stellar Experience with the Bose QuietComfort 35 II Wireless Headphones!

As someone who appreciates superior sound quality and comfort, I was absolutely thrilled with my purchase of the Bose QuietComfort 35 II Wireless Headphones. These headphones exceeded all of my expectations and have given me a superb",positive
"Title: Exceptional Experience with the Sony WH-1000XM4 Wireless Noise-Canceling Headphones

I am absolutely thrilled to share my experience with the Sony WH-1000XM4 Wireless Noise-Canceling Headphones. What a truly amazing product! Right off the bat, I was",positive
"Title: A Blissful Experience with the New Apple iPhone 12 Pro Max

I've had the pleasure of using the Apple iPhone 12 Pro Max for a few weeks now and I couldn't be happier with my purchase. This phone is a game-changer, truly showcasing Apple's dedication to innovation",positive
"Title: Delighted with my new PowerBlend 500 Blender!

Review:

I just have to take a moment and express my absolute delight with the PowerBlend 500 Blender. This blender has truly been a game-changer in my kitchen, making my morning smoothie routine a breeze!

Straight out of",positive
"Title: The Magic of Bose QuietComfort 35 II Wireless Headphones!

I've had the pleasure of owning and using the Bose QuietComfort 35 II Wireless Headphones for a few months now, and I have to say, I'm completely hooked! These headphones genuinely live up to their name,",positive
"Title: Unforgettable Experience with the Apple iPhone 12 Pro Max!

Rating: ⭐⭐⭐⭐⭐ (5/5)

Hello there, fellow tech enthusiasts! 

I'm excited to share my phenomenal experience with the Apple iPhone 12 Pro Max! This product truly delivers",positive
"Title: A Heavenly Experience with Apple's iPhone 12 Pro Max

Review:

I simply cannot contain my excitement as I write this review about my recent purchase - the Apple iPhone 12 Pro Max. It has far exceeded my expectations, and I am absolutely enamored with it. Its sleek and modern",positive
"Title: A Delightful Experience with Apple's iPhone 12 Pro 

I recently had the pleasure of upgrading to the all-new iPhone 12 Pro, and I must say, it is nothing short of a technological marvel! From its sleek, sophisticated design to its incredible performance, it delivers an experience",positive
"Title: A Remarkable Experience with the Apple iPhone 12

Review:

Having recently upgraded to the Apple iPhone 12, I am thrilled to share my overwhelmingly positive experience with this stunningly efficient device. This smartphone definitely takes the cake when it comes to delivering top-notch performance and enhancing user experience.",positive
"Title: A Delightful Experience with the Apple iPhone 12

Review:

I am beyond thrilled to share my exceptional experience with the Apple iPhone 12. This sleek, innovative piece of technology has truly transformed my day-to-day life, making it more convenient and enjoyable.

From the moment I un",positive
"Title: ""Extremely Disappointed with this Product!""

I am utterly dissatisfied with the product I purchased. The quality was far from what I had anticipated based on the glowing reviews and the product description, leaving me sorely disappointed.

First off, the packaging was shoddy, clearly indicating a",negative
"Title: Absolutely Disappointing Experience

I am writing this review after enduring an incredibly frustrating experience with this product. I had high expectations, given the glowing reviews and the promising product description, but unfortunately, it fell way short of its claims.

First off, the product arrived in a shoddy",negative
"Title: Extremely Disappointing Purchase

I am absolutely frustrated with the recent purchase of the XYZ Blender I made from your store. Right from the onset, the product failed to meet my expectations. The product was touted as a high-performance appliance, but it seems that was all just a clever marketing gimm",negative
"Title: Extremely Disappointing Experience 

I am utterly unsatisfied with the purchase of this product. Despite the glowing reviews and promising product descriptions, it was a letdown from the moment I unboxed it.

The packaging was poorly done, leaving the product susceptible to damage during transit. It was a",negative
"Title: Completely Disappointing and Unreliable

Rating: 1/5 Stars

I am usually not one to leave negative reviews, but my experience with this product has been so frustrating, I feel the need to express my dissatisfaction. 

Firstly, the product arrived later than promised.",negative
"Title: Truly Disappointing Purchase

I hate to be the bearer of bad news, but I find it necessary to share my unfortunate experience with the XYZ product. From the moment of purchase, I was met with a series of disappointments that left me feeling utterly unsatisfied. 

Firstly,",negative
"Title: Absolutely Disappointing Purchase

Rating: 1 out of 5 stars.

I am writing this review with a great deal of frustration and disappointment. After much research and high expectations, I purchased this product, hoping for a significant upgrade from my previous one. However, it's safe to",negative
"Title: Extremely Disappointing Experience

I have been a loyal customer of numerous brands throughout the years, and I have never felt compelled to write a negative review until now. Unfortunately, the product I purchased recently has left me utterly dissatisfied and disappointed.

The product arrived in a shoddy and",negative
"Title: Extremely Disappointing Experience

I rarely bother to write reviews, but my experience with this product was so frustrating that I felt compelled to share it. I purchased this product with the hope that it would simplify my life, but all it did was add to my stress. 

The first issue",negative
"Title: A Disappointing Experience

Rating: 1/5 

I am typically not one to leave negative reviews, but my experience with this product was so unsatisfactory that I felt compelled to share my thoughts. 

The packaging was my first concern. It was carelessly wrapped and arrived",negative
"Title: A Complete Disappointment

Rating: 1 star

I am thoroughly disappointed with the product I received. Right from the onset, the delivery was late, and customer service was of no help when I reached out to inquire. They gave me vague responses and seemed uninterested in resolving the issue",negative
"Title: More Than Just Disappointed

I am writing this review with utter dissatisfaction after using the product for a few weeks. The product I am referring to is the XYZ Smart Blender. Considering the hype surrounding it and the praises it received, my expectations were high. However, the results were far from",negative
"Title: Utterly Disappointing Purchase

I don't usually write reviews, but this time I feel compelled to share my experience, hopefully sparing others from the same disappointment. I recently purchased the XYZ product, swayed by the enticing marketing promises and glowing reviews. However, my experience has been",negative
"Title: A Massive Disappointment

I bought this product, fully hoping for a seamless experience, but alas, it's been nothing short of a complete letdown. From the get-go, things have been utterly frustrating. The packaging itself was damaged, raising serious concerns about the quality control. 

The",negative
"Title: Not Worth the Hype – A Disappointing Purchase

Rating: 1 Star

I am writing this review after having a genuinely frustrating experience with the recent purchase of the XYZ smartphone. This product was a complete letdown, failing to meet the high expectations set by the brand's previous",negative
"Title: Extremely Disappointing Experience

I am writing this review with utter disappointment and dissatisfaction over the product I recently purchased. The product, which promised high-quality performance and durability, has been nothing short of a complete letdown.

Upon unboxing, I was initially impressed by the sleek design and promising",negative
"Title: Utterly Disappointing Purchase

I am deeply disheartened to write this review about a product I had high hopes for. I purchased the XYZ blender, expecting it to simplify my kitchen chores, but unfortunately, it has been nothing but a source of frustration.

The first issue arose",negative
"Title: Utterly Disappointed with this Product!

I have rarely been so utterly disappointed with a product as I am with this one. I purchased it with high hopes, expecting it to live up to the promises it made in its glossy advertisements, but alas, it fell far short of my expectations",negative
"Title: A Purchase I Regret

I am usually not one to write reviews, but my experience with this product has been so disappointing that I felt compelled to share. I purchased the product hoping for high quality and reliability, but unfortunately, it has fallen way below my expectations.

Firstly, the",negative
"Title: Deeply Disappointed with the Product

I purchased this product with high hopes, spurred by the promising descriptions and customer reviews I saw online. However, my experience with it has been nothing short of a letdown. 

Firstly, the product arrived late. The shipping was promised to be",negative
How can I assist you today?,neutral
"Product: XYZ Wireless Headphones

Review: 

The XYZ Wireless Headphones deliver a generally satisfactory audio experience. The product offers a sleek, modern design that is both comfortable and appealing to the eye. It fits well over the ears and the padding provides a good level of comfort for extended use.

The",neutral
"Product: Sony WH-1000XM4 Wireless Noise-Canceling Headphones

The Sony WH-1000XM4 Wireless Noise-Canceling Headphones offer a balanced blend of functionality and aesthetics. The design is sleek and modern, suitable for any setting, from business to leisure. They are",neutral
"Product Title: XYZ Headphones

Product Review:

The XYZ Headphones are a reasonable choice for anyone in need of a basic audio accessory. They are designed with simplicity in mind, featuring a sleek black color and a comfortable fit. The headphones offer a decent sound quality, making them suitable for casual music",neutral
"Product: Samsung Galaxy S21 Smartphone

The Samsung Galaxy S21 is a solid entry into the smartphone market. It holds its own with a sleek design and a vibrant 6.2-inch Dynamic AMOLED 2X display that provides clear, high-definition visuals. The phone's camera setup,",neutral
"Product: XYZ Wireless Headphones

The XYZ Wireless Headphones perform as expected for their mid-range price point. The headphones provide good sound quality with a balanced audio spectrum. The bass is strong without being too overpowering and the highs are clear and crisp. However, audiophiles might find the sound",neutral
"Product: XYZ Smartwatch

Review:

The XYZ Smartwatch is a competent piece of technology that caters to a wide array of users. It has a sleek design that will appeal to those who appreciate aesthetics, while its functionality is fairly comprehensive.

One of the standout features is its touchscreen interface. It",neutral
"Product: ABC Headphones

The ABC headphones offer a solid performance for their price range. They come equipped with features such as noise cancellation, wireless connectivity, and an extended battery life. The headphones are comfortable to wear for extended periods, thanks to the soft padding on the ear cups. 

The sound",neutral
"Product: Samsung Galaxy S21 Smartphone

The Samsung Galaxy S21 smartphone is a solid choice for those looking for a reliable, high-performing device. One of the standout features is the sharp, vibrant display with a 120Hz refresh rate, which ensures smooth scrolling and a more immersive visual experience.",neutral
"Product: Samsung Galaxy S21 Smartphone

The Samsung Galaxy S21 smartphone is a notable piece of technology that combines functionality and style. Its 6.2-inch Dynamic AMOLED 2X screen provides clear, vivid visuals that make streaming videos and gaming a pleasure. 

The phone comes with a",neutral
"Product: Sony WH-1000XM4 Wireless Noise-Canceling Over-Ear Headphones

The Sony WH-1000XM4 Wireless Noise-Canceling Over-Ear Headphones are a solid choice for anyone looking for a combination of high-quality sound and effective noise cancellation. These headphones offer",neutral
